,sigma,epochs,train_dim,loss,val_loss
0,0.07364536362632146,85,39,0.05183936282992363,0.06156771630048752
1,0.07364536362632146,26,198,0.008270787075161934,0.008430643007159233
2,0.07364536362632146,30,20,0.6353862881660461,0.44635269045829773
3,0.07364536362632146,77,412,0.005514085758477449,0.0038027402479201555
4,0.07364536362632146,48,339,0.00835319235920906,0.009227115660905838
5,0.07364536362632146,25,125,1.2216989994049072,1.2275822162628174
6,0.07364536362632146,61,267,0.005940077360719442,0.005728438962250948
7,0.07364536362632146,52,54,1.1186926364898682,1.316843867301941
8,0.07364536362632146,90,79,0.032636381685733795,0.02966303378343582
9,0.07364536362632146,61,23,0.6565595865249634,0.5544583201408386
10,0.07364536362632146,55,252,0.00803171657025814,0.009954242967069149
11,0.07364536362632146,82,184,0.0055805412121117115,0.00538021931424737
12,0.07364536362632146,84,219,0.007313971873372793,0.007112558931112289
13,0.07364536362632146,21,341,0.04586664214730263,0.04105429723858833
14,0.07364536362632146,96,226,0.005085438024252653,0.0059152329340577126
15,0.07364536362632146,64,50,0.7263091802597046,0.9430111646652222
16,0.07364536362632146,76,447,0.005323705729097128,0.004650064278393984
17,0.07364536362632146,36,86,0.11729395389556885,0.09255126863718033
18,0.07364536362632146,19,83,0.5046346187591553,0.48037880659103394
19,0.07364536362632146,38,203,0.04126184061169624,0.03709957003593445
20,0.07364536362632146,50,130,0.015218459069728851,0.015408231876790524
21,0.07364536362632146,43,84,0.38464608788490295,0.31795206665992737
22,0.07364536362632146,99,244,0.005072182975709438,0.007143597584217787
23,0.07364536362632146,65,89,0.09775833785533905,0.07900746166706085
24,0.07364536362632146,18,260,0.3835946321487427,0.47031256556510925
25,0.07364536362632146,91,140,0.021536782383918762,0.020675549283623695
26,0.07364536362632146,22,492,0.01874525099992752,0.018373163416981697
27,0.07364536362632146,95,429,0.005452687386423349,0.004149611573666334
28,0.07364536362632146,36,423,0.007095358334481716,0.005694122519344091
29,0.07364536362632146,68,327,0.0050942301750183105,0.005674856249243021
30,0.07364536362632146,75,63,0.04604338854551315,0.06066405400633812
31,0.07364536362632146,34,182,0.17082516849040985,0.15387916564941406
32,0.07364536362632146,94,456,0.005334565415978432,0.004619970452040434
33,0.07364536362632146,74,337,0.005300956312566996,0.006030484568327665
34,0.07364536362632146,60,174,0.021631278097629547,0.016465410590171814
35,0.07364536362632146,74,35,0.5435136556625366,0.6563490033149719
36,0.07364536362632146,41,359,0.010711620561778545,0.01293343398720026
37,0.07364536362632146,67,90,0.041113171726465225,0.029822036623954773
38,0.07364536362632146,43,322,0.00950914528220892,0.006673341616988182
39,0.07364536362632146,17,22,2.807105541229248,1.7770755290985107
40,0.07364536362632146,95,352,0.0052168769761919975,0.007221780251711607
41,0.07364536362632146,56,243,0.018775418400764465,0.019398771226406097
42,0.07364536362632146,19,201,0.784241795539856,0.6944572329521179
43,0.07364536362632146,94,489,0.005112480837851763,0.005099950823932886
44,0.07364536362632146,59,496,0.0053665223531425,0.005794308613985777
45,0.07364536362632146,91,301,0.005419280380010605,0.004455954302102327
46,0.07364536362632146,28,296,0.029365623369812965,0.026387736201286316
47,0.07364536362632146,16,58,2.204770803451538,1.8791791200637817
48,0.07364536362632146,50,313,0.006294203922152519,0.006221091840416193
49,0.07364536362632146,35,352,0.0066320332698524,0.009401809424161911
50,0.07364536362632146,18,110,0.8600553870201111,0.8502051830291748
51,0.07364536362632146,35,130,0.12800100445747375,0.13068461418151855
52,0.07364536362632146,19,458,0.10124396532773972,0.08937766402959824
53,0.07364536362632146,63,348,0.0051961857825517654,0.007183798588812351
54,0.07364536362632146,38,450,0.007036902010440826,0.005027163773775101
55,0.07364536362632146,76,133,0.008226786740124226,0.004467240534722805
56,0.07364536362632146,21,49,1.3151814937591553,1.1387648582458496
57,0.07364536362632146,49,428,0.005782862659543753,0.004421101417392492
58,0.07364536362632146,80,101,0.009205725975334644,0.0071081011556088924
59,0.07364536362632146,19,206,0.01954721473157406,0.01846359297633171
60,0.07364536362632146,62,312,0.006156669929623604,0.004232678562402725
61,0.07364536362632146,74,470,0.005293585360050201,0.006016177125275135
62,0.07364536362632146,64,277,0.00535691948607564,0.005567318294197321
63,0.07364536362632146,74,376,0.005552332382649183,0.00579068111255765
64,0.07364536362632146,53,401,0.00600214721634984,0.004539472050964832
65,0.07364536362632146,94,113,0.0066393716260790825,0.006993904709815979
66,0.07364536362632146,11,356,0.43771854043006897,0.4802858829498291
67,0.07364536362632146,68,182,0.008351366966962814,0.007364057470113039
68,0.07364536362632146,93,361,0.005321409087628126,0.006787103600800037
69,0.07364536362632146,60,412,0.0055411625653505325,0.003855552291497588
70,0.07364536362632146,68,399,0.005541584454476833,0.00431222515180707
71,0.07364536362632146,79,67,0.18335196375846863,0.17782612144947052
72,0.07364536362632146,73,157,0.03159758821129799,0.03267590329051018
73,0.07364536362632146,13,159,1.2547900676727295,1.165309190750122
74,0.07364536362632146,47,184,0.026531411334872246,0.02673456259071827
75,0.07364536362632146,49,13,1.3080408573150635,2.8014538288116455
76,0.07364536362632146,10,171,0.24579915404319763,0.17479242384433746
77,0.07364536362632146,80,413,0.0054457769729197025,0.004864610265940428
78,0.07364536362632146,64,495,0.005058479495346546,0.004945466760545969
79,0.07364536362632146,85,490,0.005345368757843971,0.0061129797250032425
80,0.07364536362632146,47,306,0.0073072644881904125,0.006897997111082077
81,0.07364536362632146,48,56,1.2351232767105103,1.3304589986801147
82,0.07364536362632146,69,336,0.0052285329438745975,0.005014283116906881
83,0.07364536362632146,99,89,0.09899351745843887,0.07805811613798141
84,0.07364536362632146,39,151,0.19160199165344238,0.2136063128709793
85,0.07364536362632146,22,448,0.04923587292432785,0.04301544278860092
86,0.07364536362632146,59,398,0.005473126657307148,0.004265746101737022
87,0.07364536362632146,76,470,0.0052935415878891945,0.0060057006776332855
88,0.07364536362632146,58,209,0.017136801034212112,0.01091219112277031
89,0.07364536362632146,97,122,0.005627969279885292,0.007805355824530125
90,0.07364536362632146,44,215,0.03367209434509277,0.026610082015395164
91,0.07364536362632146,13,133,0.641762912273407,0.6848947405815125
92,0.07364536362632146,37,277,0.009096191264688969,0.00834938045591116
93,0.07364536362632146,80,177,0.010773018933832645,0.011984404176473618
94,0.07364536362632146,90,28,0.5560492277145386,0.535165011882782
95,0.07364536362632146,94,482,0.005242766346782446,0.007019317243248224
96,0.07364536362632146,87,479,0.005133954808115959,0.004340802319347858
97,0.07364536362632146,47,283,0.021842800080776215,0.024805808439850807
98,0.07364536362632146,57,463,0.0052298204973340034,0.004607740323990583
99,0.07364536362632146,51,99,0.015071190893650055,0.015753915533423424
100,0.20870762574688317,85,39,0.038398776203393936,0.05240914225578308
101,0.20870762574688317,26,198,0.11753272265195847,0.11251436173915863
102,0.20870762574688317,30,20,3.3621609210968018,2.889289617538452
103,0.20870762574688317,77,412,0.044272590428590775,0.030508609488606453
104,0.20870762574688317,48,339,0.04504793882369995,0.05195675790309906
105,0.20870762574688317,25,125,0.1627701371908188,0.14560692012310028
106,0.20870762574688317,61,267,0.04301802068948746,0.04428210109472275
107,0.20870762574688317,52,54,0.08565963804721832,0.0611015260219574
108,0.20870762574688317,90,79,0.05697081238031387,0.046722669154405594
109,0.20870762574688317,61,23,0.15312470495700836,0.12312841415405273
110,0.20870762574688317,55,252,0.04954805597662926,0.06304289400577545
111,0.20870762574688317,82,184,0.042253702878952026,0.03989577665925026
112,0.20870762574688317,84,219,0.04329352080821991,0.04517681524157524
113,0.20870762574688317,21,341,0.19413194060325623,0.17770442366600037
114,0.20870762574688317,96,226,0.040605511516332626,0.04745176434516907
115,0.20870762574688317,64,50,0.26658302545547485,0.32482796907424927
116,0.20870762574688317,76,447,0.04275720193982124,0.03739556670188904
117,0.20870762574688317,36,86,0.7106029391288757,0.503706693649292
118,0.20870762574688317,19,83,0.4274843633174896,0.39050036668777466
119,0.20870762574688317,38,203,0.048076968640089035,0.047545239329338074
120,0.20870762574688317,50,130,0.06587310880422592,0.06791305541992188
121,0.20870762574688317,43,84,0.34663936495780945,0.2519247233867645
122,0.20870762574688317,99,244,0.04047345742583275,0.05706726014614105
123,0.20870762574688317,65,89,0.26051434874534607,0.19505691528320312
124,0.20870762574688317,18,260,0.19378845393657684,0.22745195031166077
125,0.20870762574688317,91,140,0.050934892147779465,0.04480571672320366
126,0.20870762574688317,22,492,0.08002325892448425,0.08852192014455795
127,0.20870762574688317,95,429,0.04379301890730858,0.03333465754985809
128,0.20870762574688317,36,423,0.04474944993853569,0.03435523808002472
129,0.20870762574688317,68,327,0.04096503183245659,0.04480542987585068
130,0.20870762574688317,75,63,0.133688822388649,0.2111811488866806
131,0.20870762574688317,34,182,0.060129620134830475,0.052728671580553055
132,0.20870762574688317,94,456,0.04284987971186638,0.03687679395079613
133,0.20870762574688317,74,337,0.0424664169549942,0.04811057075858116
134,0.20870762574688317,60,174,0.06221422553062439,0.04679832607507706
135,0.20870762574688317,74,35,0.05191459506750107,0.09207706153392792
136,0.20870762574688317,41,359,0.04422919079661369,0.058331917971372604
137,0.20870762574688317,67,90,0.09808288514614105,0.06749334931373596
138,0.20870762574688317,43,322,0.048285894095897675,0.03621189296245575
139,0.20870762574688317,17,22,2.6356122493743896,1.8924909830093384
140,0.20870762574688317,95,352,0.0418822318315506,0.05797480046749115
141,0.20870762574688317,56,243,0.044404059648513794,0.046626016497612
142,0.20870762574688317,19,201,0.37419062852859497,0.33141475915908813
143,0.20870762574688317,94,489,0.04105210676789284,0.040894605219364166
144,0.20870762574688317,59,496,0.043113064020872116,0.04654121398925781
145,0.20870762574688317,91,301,0.0435115210711956,0.035762716084718704
146,0.20870762574688317,28,296,0.05085023120045662,0.038492947816848755
147,0.20870762574688317,16,58,2.0700669288635254,1.5886021852493286
148,0.20870762574688317,50,313,0.0439145490527153,0.04279522970318794
149,0.20870762574688317,35,352,0.06979887187480927,0.09437190741300583
150,0.20870762574688317,18,110,0.37353333830833435,0.37907731533050537
151,0.20870762574688317,35,130,0.22819757461547852,0.23408560454845428
152,0.20870762574688317,19,458,0.05007806420326233,0.05445557460188866
153,0.20870762574688317,63,348,0.04165349528193474,0.05752357468008995
154,0.20870762574688317,38,450,0.043900102376937866,0.03274434059858322
155,0.20870762574688317,76,133,0.07419005036354065,0.042132120579481125
156,0.20870762574688317,21,49,0.26625704765319824,0.1980571299791336
157,0.20870762574688317,49,428,0.04400975629687309,0.032057732343673706
158,0.20870762574688317,80,101,0.05958695337176323,0.048655662685632706
159,0.20870762574688317,19,206,0.676849365234375,0.6156483292579651
160,0.20870762574688317,62,312,0.046348217874765396,0.02939692884683609
161,0.20870762574688317,74,470,0.04251721501350403,0.048192620277404785
162,0.20870762574688317,64,277,0.04291976988315582,0.04489004984498024
163,0.20870762574688317,74,376,0.04457952082157135,0.04654644429683685
164,0.20870762574688317,53,401,0.044258661568164825,0.03511525318026543
165,0.20870762574688317,94,113,0.04574801027774811,0.04389873519539833
166,0.20870762574688317,11,356,0.28432825207710266,0.37747490406036377
167,0.20870762574688317,68,182,0.04244235157966614,0.03746483474969864
168,0.20870762574688317,93,361,0.04273451492190361,0.05458131805062294
169,0.20870762574688317,60,412,0.044385429471731186,0.03074049763381481
170,0.20870762574688317,68,399,0.044353991746902466,0.03488121181726456
171,0.20870762574688317,79,67,0.2080853283405304,0.1633988916873932
172,0.20870762574688317,73,157,0.06519883126020432,0.061473336070775986
173,0.20870762574688317,13,159,0.8306780457496643,0.7232875227928162
174,0.20870762574688317,47,184,0.1534048318862915,0.15585988759994507
175,0.20870762574688317,49,13,1.004511833190918,2.0645182132720947
176,0.20870762574688317,10,171,0.6765352487564087,0.5460725426673889
177,0.20870762574688317,80,413,0.043717026710510254,0.039054568856954575
178,0.20870762574688317,64,495,0.04062000289559364,0.039686575531959534
179,0.20870762574688317,85,490,0.042939506471157074,0.04859674349427223
180,0.20870762574688317,47,306,0.04419457167387009,0.035780008882284164
181,0.20870762574688317,48,56,1.2868975400924683,1.384028673171997
182,0.20870762574688317,69,336,0.04194968566298485,0.04033345729112625
183,0.20870762574688317,99,89,0.07035189867019653,0.04965563118457794
184,0.20870762574688317,39,151,0.11632823199033737,0.14116519689559937
185,0.20870762574688317,22,448,0.04488039016723633,0.03284946829080582
186,0.20870762574688317,59,398,0.04393577203154564,0.03430503234267235
187,0.20870762574688317,76,470,0.042516350746154785,0.04821553826332092
188,0.20870762574688317,58,209,0.04229050129652023,0.038938943296670914
189,0.20870762574688317,97,122,0.03976430743932724,0.05322868749499321
190,0.20870762574688317,44,215,0.05453861877322197,0.04854409769177437
191,0.20870762574688317,13,133,0.7449002265930176,0.7530181407928467
192,0.20870762574688317,37,277,0.052087441086769104,0.04955737292766571
193,0.20870762574688317,80,177,0.04292645305395126,0.05357411503791809
194,0.20870762574688317,90,28,0.08722182363271713,0.09153539687395096
195,0.20870762574688317,94,482,0.04210231825709343,0.05624344199895859
196,0.20870762574688317,87,479,0.041253216564655304,0.0348605215549469
197,0.20870762574688317,47,283,0.05645938962697983,0.061009351164102554
198,0.20870762574688317,57,463,0.04197046533226967,0.036846842616796494
199,0.20870762574688317,51,99,0.3830096423625946,0.3517593443393707
200,0.025438513165514043,85,39,0.1777990758419037,0.23074468970298767
201,0.025438513165514043,26,198,0.042724497616291046,0.038193002343177795
202,0.025438513165514043,30,20,0.5913562774658203,0.38470736145973206
203,0.025438513165514043,77,412,0.0006607397808693349,0.00045959436101838946
204,0.025438513165514043,48,339,0.0040201167576014996,0.0037778648547828197
205,0.025438513165514043,25,125,0.7349770665168762,0.7512392997741699
206,0.025438513165514043,61,267,0.0014070991892367601,0.0013797393767163157
207,0.025438513165514043,52,54,0.7224929332733154,0.8307745456695557
208,0.025438513165514043,90,79,0.04683750495314598,0.04211175814270973
209,0.025438513165514043,61,23,1.6026285886764526,1.5999740362167358
210,0.025438513165514043,55,252,0.005983348935842514,0.007305022329092026
211,0.025438513165514043,82,184,0.0011974896769970655,0.001218722783960402
212,0.025438513165514043,84,219,0.0006880422588437796,0.0006942304316908121
213,0.025438513165514043,21,341,0.21992358565330505,0.19109836220741272
214,0.025438513165514043,96,226,0.0008227457292377949,0.0009003287414088845
215,0.025438513165514043,64,50,0.009583150036633015,0.005113269668072462
216,0.025438513165514043,76,447,0.0006362533895298839,0.0005517572280950844
217,0.025438513165514043,36,86,0.03289011865854263,0.03029889427125454
218,0.025438513165514043,19,83,0.7277216911315918,0.6906958222389221
219,0.025438513165514043,38,203,0.009825433604419231,0.008960475213825703
220,0.025438513165514043,50,130,0.026555556803941727,0.02781863510608673
221,0.025438513165514043,43,84,0.5185706615447998,0.4450179636478424
222,0.025438513165514043,99,244,0.0006420259596779943,0.0008975770906545222
223,0.025438513165514043,65,89,0.13070452213287354,0.11186163127422333
224,0.025438513165514043,18,260,0.1955731362104416,0.2435486614704132
225,0.025438513165514043,91,140,0.002203675452619791,0.002095834817737341
226,0.025438513165514043,22,492,0.005303775426000357,0.004648817237466574
227,0.025438513165514043,95,429,0.0006506777135655284,0.0004944243119098246
228,0.025438513165514043,36,423,0.0007176348008215427,0.0005605740007013083
229,0.025438513165514043,68,327,0.0006560119800269604,0.0006128313252702355
230,0.025438513165514043,75,63,0.23883786797523499,0.2756619155406952
231,0.025438513165514043,34,182,0.27738526463508606,0.2512737512588501
232,0.025438513165514043,94,456,0.0006365424487739801,0.0005457043880596757
233,0.025438513165514043,74,337,0.0006327895098365843,0.0007210586918517947
234,0.025438513165514043,60,174,0.007020147517323494,0.00567647023126483
235,0.025438513165514043,74,35,0.0036608597729355097,0.0030845701694488525
236,0.025438513165514043,41,359,0.0010813656263053417,0.0013276060344651341
237,0.025438513165514043,67,90,0.212265282869339,0.16658739745616913
238,0.025438513165514043,43,322,0.0050027985125780106,0.00345296086743474
239,0.025438513165514043,17,22,3.0398950576782227,1.867093801498413
240,0.025438513165514043,95,352,0.0006248372956179082,0.0008767143008299172
241,0.025438513165514043,56,243,0.003423886140808463,0.0035895323380827904
242,0.025438513165514043,19,201,0.8435845971107483,0.7518969774246216
243,0.025438513165514043,94,489,0.0006095199496485293,0.0006079840823076665
244,0.025438513165514043,59,496,0.0006483605829998851,0.000689800304826349
245,0.025438513165514043,91,301,0.0006470248918049037,0.0005327425897121429
246,0.025438513165514043,28,296,0.011761223897337914,0.011096160858869553
247,0.025438513165514043,16,58,2.7115495204925537,2.4583730697631836
248,0.025438513165514043,50,313,0.0006618361221626401,0.0006474131369031966
249,0.025438513165514043,35,352,0.023529838770627975,0.022548945620656013
250,0.025438513165514043,18,110,0.3424805700778961,0.3614674508571625
251,0.025438513165514043,35,130,0.09429843723773956,0.10101456940174103
252,0.025438513165514043,19,458,0.0016916783060878515,0.0017529476899653673
253,0.025438513165514043,63,348,0.0006924482877366245,0.0009501180029474199
254,0.025438513165514043,38,450,0.001139966887421906,0.0008242821204476058
255,0.025438513165514043,76,133,0.022535555064678192,0.02229028195142746
256,0.025438513165514043,21,49,0.25817999243736267,0.16508908569812775
257,0.025438513165514043,49,428,0.0007368908263742924,0.0005850635352544487
258,0.025438513165514043,80,101,0.01220098789781332,0.010229330509901047
259,0.025438513165514043,19,206,0.07887021452188492,0.07307355105876923
260,0.025438513165514043,62,312,0.0007340749725699425,0.0005038661765865982
261,0.025438513165514043,74,470,0.0006316830404102802,0.0007168148295022547
262,0.025438513165514043,64,277,0.0007108204299584031,0.0006918090512044728
263,0.025438513165514043,74,376,0.0006626651156693697,0.0006902425084263086
264,0.025438513165514043,53,401,0.0006634009769186378,0.0005172490491531789
265,0.025438513165514043,94,113,0.005487038288265467,0.0053395843133330345
266,0.025438513165514043,11,356,0.41732609272003174,0.44075775146484375
267,0.025438513165514043,68,182,0.015423700213432312,0.013947892002761364
268,0.025438513165514043,93,361,0.0006364234141074121,0.0008139286073856056
269,0.025438513165514043,60,412,0.0006625992828048766,0.0004618515376932919
270,0.025438513165514043,68,399,0.0006724153645336628,0.0005119296838529408
271,0.025438513165514043,79,67,0.030402909964323044,0.0297104399651289
272,0.025438513165514043,73,157,0.00410437723621726,0.0042447797022759914
273,0.025438513165514043,13,159,0.8957813382148743,0.8182056546211243
274,0.025438513165514043,47,184,0.01699702814221382,0.016654327511787415
275,0.025438513165514043,49,13,0.18154850602149963,0.13822782039642334
276,0.025438513165514043,10,171,1.4399863481521606,1.2741990089416504
277,0.025438513165514043,80,413,0.0006523337215185165,0.0005874368362128735
278,0.025438513165514043,64,495,0.0006058380822651088,0.0005946040619164705
279,0.025438513165514043,85,490,0.0006377959507517517,0.0007244880544021726
280,0.025438513165514043,47,306,0.0007056348258629441,0.0006115930736996233
281,0.025438513165514043,48,56,0.9661675095558167,1.0319534540176392
282,0.025438513165514043,69,336,0.0006595990271307528,0.0006149943801574409
283,0.025438513165514043,99,89,0.007102449890226126,0.005521322600543499
284,0.025438513165514043,39,151,0.00665231654420495,0.007199844345450401
285,0.025438513165514043,22,448,0.02534819021821022,0.023383505642414093
286,0.025438513165514043,59,398,0.0007179428357630968,0.0005466182483360171
287,0.025438513165514043,76,470,0.0006319409585557878,0.0007181731634773314
288,0.025438513165514043,58,209,0.02290632389485836,0.01954936422407627
289,0.025438513165514043,97,122,0.013671972788870335,0.014932223595678806
290,0.025438513165514043,44,215,0.044506464153528214,0.03935975208878517
291,0.025438513165514043,13,133,2.026735305786133,2.2396798133850098
292,0.025438513165514043,37,277,0.018855085596442223,0.018970878794789314
293,0.025438513165514043,80,177,0.009587888605892658,0.00932801328599453
294,0.025438513165514043,90,28,0.5114728212356567,0.4885815382003784
295,0.025438513165514043,94,482,0.0006257048225961626,0.000840808148495853
296,0.025438513165514043,87,479,0.0006125969812273979,0.0005175473634153605
297,0.025438513165514043,47,283,0.0032666344195604324,0.003699068445712328
298,0.025438513165514043,57,463,0.0006375356460921466,0.0005824436084367335
299,0.025438513165514043,51,99,0.2714957296848297,0.2352389097213745
300,0.0679826247297135,85,39,0.2135627269744873,0.27538979053497314
301,0.0679826247297135,26,198,0.07208362966775894,0.06595686078071594
302,0.0679826247297135,30,20,0.5906550884246826,0.4142472743988037
303,0.0679826247297135,77,412,0.004700551740825176,0.003237040713429451
304,0.0679826247297135,48,339,0.006368760950863361,0.007167643401771784
305,0.0679826247297135,25,125,1.0283551216125488,1.034897804260254
306,0.0679826247297135,61,267,0.006412317045032978,0.006085340864956379
307,0.0679826247297135,52,54,0.9035620093345642,1.053483009338379
308,0.0679826247297135,90,79,0.006359494291245937,0.005222226493060589
309,0.0679826247297135,61,23,1.5057326555252075,1.471237063407898
310,0.0679826247297135,55,252,0.007843658328056335,0.009662329219281673
311,0.0679826247297135,82,184,0.0060010007582604885,0.005998888984322548
312,0.0679826247297135,84,219,0.00650975713506341,0.0063063944689929485
313,0.0679826247297135,21,341,0.1250002533197403,0.10901288688182831
314,0.0679826247297135,96,226,0.004294454585760832,0.005030997563153505
315,0.0679826247297135,64,50,0.14512541890144348,0.17076927423477173
316,0.0679826247297135,76,447,0.004538599867373705,0.003950323909521103
317,0.0679826247297135,36,86,0.7208337783813477,0.6014076471328735
318,0.0679826247297135,19,83,0.20879223942756653,0.20467320084571838
319,0.0679826247297135,38,203,0.1303703784942627,0.12028606235980988
320,0.0679826247297135,50,130,0.07458864897489548,0.07729296386241913
321,0.0679826247297135,43,84,0.13524846732616425,0.10993301123380661
322,0.0679826247297135,99,244,0.0044113812036812305,0.006199703086167574
323,0.0679826247297135,65,89,0.32647716999053955,0.2727789580821991
324,0.0679826247297135,18,260,0.231964111328125,0.2876770496368408
325,0.0679826247297135,91,140,0.010116332210600376,0.009138229303061962
326,0.0679826247297135,22,492,0.03435145691037178,0.030379753559827805
327,0.0679826247297135,95,429,0.004647646099328995,0.00353540712967515
328,0.0679826247297135,36,423,0.006780765485018492,0.0054935975931584835
329,0.0679826247297135,68,327,0.004418913275003433,0.004575634840875864
330,0.0679826247297135,75,63,0.437134712934494,0.5293424725532532
331,0.0679826247297135,34,182,0.20754742622375488,0.18735884130001068
332,0.0679826247297135,94,456,0.004546185489743948,0.0039096795953810215
333,0.0679826247297135,74,337,0.004578931722790003,0.005235545802861452
334,0.0679826247297135,60,174,0.004619854502379894,0.003823838895186782
335,0.0679826247297135,74,35,0.01716509833931923,0.021514449268579483
336,0.0679826247297135,41,359,0.0045898486860096455,0.006042060907930136
337,0.0679826247297135,67,90,0.313641220331192,0.24037231504917145
338,0.0679826247297135,43,322,0.009586011059582233,0.0067225247621536255
339,0.0679826247297135,17,22,4.368133068084717,2.9414403438568115
340,0.0679826247297135,95,352,0.004447265528142452,0.006178020965307951
341,0.0679826247297135,56,243,0.005054526496678591,0.005220500286668539
342,0.0679826247297135,19,201,0.3682202100753784,0.3220752775669098
343,0.0679826247297135,94,489,0.0043558478355407715,0.004338025115430355
344,0.0679826247297135,59,496,0.004573527257889509,0.004935271106660366
345,0.0679826247297135,91,301,0.004629924893379211,0.0038148474413901567
346,0.0679826247297135,28,296,0.09126397222280502,0.08969646692276001
347,0.0679826247297135,16,58,3.1475489139556885,2.840567111968994
348,0.0679826247297135,50,313,0.009445659816265106,0.008971861563622952
349,0.0679826247297135,35,352,0.0093845184892416,0.012144898995757103
350,0.0679826247297135,18,110,0.15820308029651642,0.17209221422672272
351,0.0679826247297135,35,130,0.31297698616981506,0.32059869170188904
352,0.0679826247297135,19,458,0.012912177480757236,0.013304834254086018
353,0.0679826247297135,63,348,0.004549873992800713,0.006310494150966406
354,0.0679826247297135,38,450,0.006141820922493935,0.004420452751219273
355,0.0679826247297135,76,133,0.004991833120584488,0.0025540220085531473
356,0.0679826247297135,21,49,0.22464509308338165,0.15844139456748962
357,0.0679826247297135,49,428,0.0046347021125257015,0.0033335257321596146
358,0.0679826247297135,80,101,0.010435315780341625,0.008096575736999512
359,0.0679826247297135,19,206,0.2315017729997635,0.21249443292617798
360,0.0679826247297135,62,312,0.004825144074857235,0.0028964735101908445
361,0.0679826247297135,74,470,0.004508991725742817,0.005112993530929089
362,0.0679826247297135,64,277,0.005806609522551298,0.005490420386195183
363,0.0679826247297135,74,376,0.004732317756861448,0.0049355486407876015
364,0.0679826247297135,53,401,0.004847896751016378,0.0037180879153311253
365,0.0679826247297135,94,113,0.009534096345305443,0.010197815485298634
366,0.0679826247297135,11,356,0.3459831178188324,0.38069039583206177
367,0.0679826247297135,68,182,0.00938979908823967,0.008307627402245998
368,0.0679826247297135,93,361,0.004536648280918598,0.005789985880255699
369,0.0679826247297135,60,412,0.004702908918261528,0.0032540380489081144
370,0.0679826247297135,68,399,0.004710398148745298,0.00367841892875731
371,0.0679826247297135,79,67,0.1409415453672409,0.1366196870803833
372,0.0679826247297135,73,157,0.014849108643829823,0.014975718222558498
373,0.0679826247297135,13,159,0.2916674017906189,0.2308373600244522
374,0.0679826247297135,47,184,0.013410919345915318,0.013602430000901222
375,0.0679826247297135,49,13,0.43454498052597046,0.619499683380127
376,0.0679826247297135,10,171,1.0472222566604614,0.8916323781013489
377,0.0679826247297135,80,413,0.004640971776098013,0.004149793181568384
378,0.0679826247297135,64,495,0.004309291951358318,0.004208937752991915
379,0.0679826247297135,85,490,0.004554202780127525,0.005140951834619045
380,0.0679826247297135,47,306,0.01000205334275961,0.009804721921682358
381,0.0679826247297135,48,56,0.21264605224132538,0.1925688534975052
382,0.0679826247297135,69,336,0.004568976815789938,0.004311499185860157
383,0.0679826247297135,99,89,0.030236195772886276,0.022651825100183487
384,0.0679826247297135,39,151,0.33994606137275696,0.3732467591762543
385,0.0679826247297135,22,448,0.0117009487003088,0.009171734564006329
386,0.0679826247297135,59,398,0.004698917269706726,0.003624002682045102
387,0.0679826247297135,76,470,0.004511866718530655,0.0051213824190199375
388,0.0679826247297135,58,209,0.005711485166102648,0.003877778071910143
389,0.0679826247297135,97,122,0.006995965726673603,0.009649747982621193
390,0.0679826247297135,44,215,0.014191964641213417,0.010956958867609501
391,0.0679826247297135,13,133,0.3524574935436249,0.3777867555618286
392,0.0679826247297135,37,277,0.019763801246881485,0.01859777420759201
393,0.0679826247297135,80,177,0.004834210965782404,0.0059803021140396595
394,0.0679826247297135,90,28,1.170943260192871,1.2036176919937134
395,0.0679826247297135,94,482,0.004467047285288572,0.005976838991045952
396,0.0679826247297135,87,479,0.004377327859401703,0.0036979170981794596
397,0.0679826247297135,47,283,0.010745132341980934,0.012100071646273136
398,0.0679826247297135,57,463,0.004449566826224327,0.0038989693857729435
399,0.0679826247297135,51,99,0.14639516174793243,0.13404211401939392
400,0.8048860434502241,85,39,0.6508880853652954,0.9096473455429077
401,0.8048860434502241,26,198,0.6054056286811829,0.6458873748779297
402,0.8048860434502241,30,20,1.1117786169052124,1.786260962486267
403,0.8048860434502241,77,412,0.6581942439079285,0.45352157950401306
404,0.8048860434502241,48,339,0.6404291987419128,0.7286569476127625
405,0.8048860434502241,25,125,0.738093376159668,0.6558201313018799
406,0.8048860434502241,61,267,0.6391109228134155,0.6629690527915955
407,0.8048860434502241,52,54,1.152342677116394,1.317330002784729
408,0.8048860434502241,90,79,0.8260143399238586,0.6740308403968811
409,0.8048860434502241,61,23,1.3182392120361328,1.1284266710281372
410,0.8048860434502241,55,252,0.6257755756378174,0.8287091851234436
411,0.8048860434502241,82,184,0.6016990542411804,0.5503085851669312
412,0.8048860434502241,84,219,0.6437972187995911,0.6719821095466614
413,0.8048860434502241,21,341,0.6423821449279785,0.7425457835197449
414,0.8048860434502241,96,226,0.6033593416213989,0.7041538953781128
415,0.8048860434502241,64,50,1.058301568031311,1.2489917278289795
416,0.8048860434502241,76,447,0.6356781721115112,0.5559960603713989
417,0.8048860434502241,36,86,0.8654040098190308,0.495269238948822
418,0.8048860434502241,19,83,2.141946792602539,1.7568103075027466
419,0.8048860434502241,38,203,0.6147042512893677,0.6412014961242676
420,0.8048860434502241,50,130,0.6055015325546265,0.6975969076156616
421,0.8048860434502241,43,84,0.941107988357544,0.5978003144264221
422,0.8048860434502241,99,244,0.5998676419258118,0.8440470695495605
423,0.8048860434502241,65,89,0.727388858795166,0.5658580660820007
424,0.8048860434502241,18,260,0.8692388534545898,0.9882351756095886
425,0.8048860434502241,91,140,0.6066800951957703,0.6115626692771912
426,0.8048860434502241,22,492,0.6420785784721375,0.7795926928520203
427,0.8048860434502241,95,429,0.65166175365448,0.4951077401638031
428,0.8048860434502241,36,423,0.6510290503501892,0.4978509247303009
429,0.8048860434502241,68,327,0.6079559922218323,0.6807048916816711
430,0.8048860434502241,75,63,0.6499799489974976,1.1051020622253418
431,0.8048860434502241,34,182,0.6576697826385498,0.5792743563652039
432,0.8048860434502241,94,456,0.6372920870780945,0.544558048248291
433,0.8048860434502241,74,337,0.631068766117096,0.7147480249404907
434,0.8048860434502241,60,174,0.6047732830047607,0.5287925004959106
435,0.8048860434502241,74,35,0.513084888458252,0.8541545867919922
436,0.8048860434502241,41,359,0.63528972864151,0.8291549682617188
437,0.8048860434502241,67,90,0.5895370841026306,0.483763724565506
438,0.8048860434502241,43,322,0.643749475479126,0.5010636448860168
439,0.8048860434502241,17,22,0.7006382942199707,1.8428725004196167
440,0.8048860434502241,95,352,0.6227757930755615,0.8618019223213196
441,0.8048860434502241,56,243,0.6430312395095825,0.6826106309890747
442,0.8048860434502241,19,201,0.6771342754364014,0.681502103805542
443,0.8048860434502241,94,489,0.6105480790138245,0.6085221171379089
444,0.8048860434502241,59,496,0.6410710215568542,0.6926054358482361
445,0.8048860434502241,91,301,0.6467052698135376,0.5313862562179565
446,0.8048860434502241,28,296,0.717939555644989,0.5508301258087158
447,0.8048860434502241,16,58,1.2472881078720093,0.7042421102523804
448,0.8048860434502241,50,313,0.6340298652648926,0.6047654747962952
449,0.8048860434502241,35,352,0.6333752870559692,0.8980686664581299
450,0.8048860434502241,18,110,1.4362319707870483,1.4480551481246948
451,0.8048860434502241,35,130,0.6764528155326843,0.758740246295929
452,0.8048860434502241,19,458,0.6543404459953308,0.684975266456604
453,0.8048860434502241,63,348,0.6169708371162415,0.848206102848053
454,0.8048860434502241,38,450,0.6430632472038269,0.4932406544685364
455,0.8048860434502241,76,133,0.6961809992790222,0.3668789565563202
456,0.8048860434502241,21,49,0.9828876852989197,1.1013888120651245
457,0.8048860434502241,49,428,0.6491204500198364,0.4630751311779022
458,0.8048860434502241,80,101,0.7088507413864136,0.6472314596176147
459,0.8048860434502241,19,206,1.2959249019622803,1.1602778434753418
460,0.8048860434502241,62,312,0.6753679513931274,0.399545818567276
461,0.8048860434502241,74,470,0.6321355104446411,0.7165672779083252
462,0.8048860434502241,64,277,0.63678377866745,0.6714370846748352
463,0.8048860434502241,74,376,0.6629166007041931,0.6925596594810486
464,0.8048860434502241,53,401,0.6577790975570679,0.525119423866272
465,0.8048860434502241,94,113,0.7033876180648804,0.6995751857757568
466,0.8048860434502241,11,356,0.6566802859306335,1.0527989864349365
467,0.8048860434502241,68,182,0.6014876961708069,0.5344365835189819
468,0.8048860434502241,93,361,0.6356556415557861,0.8105457425117493
469,0.8048860434502241,60,412,0.6583824753761292,0.45347297191619873
470,0.8048860434502241,68,399,0.6593373417854309,0.5228906869888306
471,0.8048860434502241,79,67,0.8725361227989197,0.6899315118789673
472,0.8048860434502241,73,157,0.6546025276184082,0.5696517825126648
473,0.8048860434502241,13,159,0.7097680568695068,0.580202043056488
474,0.8048860434502241,47,184,0.6124842166900635,0.5702444911003113
475,0.8048860434502241,49,13,0.5068973898887634,0.9856063723564148
476,0.8048860434502241,10,171,1.8145750761032104,1.6347284317016602
477,0.8048860434502241,80,413,0.6501280665397644,0.5797616839408875
478,0.8048860434502241,64,495,0.6041476130485535,0.5900747776031494
479,0.8048860434502241,85,490,0.6385151147842407,0.7273963689804077
480,0.8048860434502241,47,306,0.6584438681602478,0.5332908034324646
481,0.8048860434502241,48,56,1.0148580074310303,1.1202301979064941
482,0.8048860434502241,69,336,0.6228157877922058,0.6001632213592529
483,0.8048860434502241,99,89,0.6982722878456116,0.5650987029075623
484,0.8048860434502241,39,151,0.6858381032943726,0.7451777458190918
485,0.8048860434502241,22,448,0.6787689924240112,0.49444815516471863
486,0.8048860434502241,59,398,0.6534274220466614,0.5113173127174377
487,0.8048860434502241,76,470,0.6324735879898071,0.7165170907974243
488,0.8048860434502241,58,209,0.6429030299186707,0.5579973459243774
489,0.8048860434502241,97,122,0.5827093720436096,0.7723693251609802
490,0.8048860434502241,44,215,0.6394245028495789,0.6882133483886719
491,0.8048860434502241,13,133,1.7857962846755981,1.3340545892715454
492,0.8048860434502241,37,277,0.6374481320381165,0.6665041446685791
493,0.8048860434502241,80,177,0.5878309011459351,0.7441984415054321
494,0.8048860434502241,90,28,1.5151129961013794,1.585603952407837
495,0.8048860434502241,94,482,0.6263177394866943,0.8390154242515564
496,0.8048860434502241,87,479,0.6130707859992981,0.5184831023216248
497,0.8048860434502241,47,283,0.6485053300857544,0.6481475234031677
498,0.8048860434502241,57,463,0.6238636374473572,0.544677734375
499,0.8048860434502241,51,99,0.6986487507820129,0.848930835723877
500,0.6819499099208716,85,39,0.7704083919525146,1.0301744937896729
501,0.6819499099208716,26,198,0.4932611286640167,0.5172035098075867
502,0.6819499099208716,30,20,1.6332523822784424,1.9772372245788574
503,0.6819499099208716,77,412,0.47276052832603455,0.32552865147590637
504,0.6819499099208716,48,339,0.4611497223377228,0.5260487794876099
505,0.6819499099208716,25,125,0.7823330163955688,0.631193220615387
506,0.6819499099208716,61,267,0.4594225287437439,0.4723852276802063
507,0.6819499099208716,52,54,0.7330241203308105,0.8038762807846069
508,0.6819499099208716,90,79,0.622627317905426,0.5192803740501404
509,0.6819499099208716,61,23,0.4950239062309265,0.5384032726287842
510,0.6819499099208716,55,252,0.4548560380935669,0.5984991192817688
511,0.6819499099208716,82,184,0.43480849266052246,0.40083298087120056
512,0.6819499099208716,84,219,0.4642487168312073,0.48143914341926575
513,0.6819499099208716,21,341,0.6138232350349426,0.6551464200019836
514,0.6819499099208716,96,226,0.4320546090602875,0.5075349807739258
515,0.6819499099208716,64,50,0.49044162034988403,0.45246395468711853
516,0.6819499099208716,76,447,0.4563753008842468,0.39906537532806396
517,0.6819499099208716,36,86,1.1286739110946655,0.5876193046569824
518,0.6819499099208716,19,83,1.900207281112671,1.5903609991073608
519,0.6819499099208716,38,203,0.5389944911003113,0.5223937630653381
520,0.6819499099208716,50,130,0.4669860005378723,0.51789391040802
521,0.6819499099208716,43,84,0.8058665990829468,0.5055906772613525
522,0.6819499099208716,99,244,0.4307307004928589,0.6059450507164001
523,0.6819499099208716,65,89,0.8144996166229248,0.5733146667480469
524,0.6819499099208716,18,260,0.591896653175354,0.6674537658691406
525,0.6819499099208716,91,140,0.4464711546897888,0.4251973330974579
526,0.6819499099208716,22,492,0.4801267385482788,0.5904439687728882
527,0.6819499099208716,95,429,0.46772441267967224,0.3557654917240143
528,0.6819499099208716,36,423,0.46905317902565,0.35891419649124146
529,0.6819499099208716,68,327,0.43648362159729004,0.4892180562019348
530,0.6819499099208716,75,63,0.9275051355361938,1.6328271627426147
531,0.6819499099208716,34,182,0.5593022108078003,0.4916616678237915
532,0.6819499099208716,94,456,0.4573696255683899,0.3945567309856415
533,0.6819499099208716,74,337,0.45315515995025635,0.513529360294342
534,0.6819499099208716,60,174,0.46574273705482483,0.3847425580024719
535,0.6819499099208716,74,35,0.38012081384658813,0.6659335494041443
536,0.6819499099208716,41,359,0.45665228366851807,0.6007446646690369
537,0.6819499099208716,67,90,0.5279976725578308,0.3864067792892456
538,0.6819499099208716,43,322,0.46923673152923584,0.3583916425704956
539,0.6819499099208716,17,22,0.5599308013916016,1.4991477727890015
540,0.6819499099208716,95,352,0.44697657227516174,0.6188165545463562
541,0.6819499099208716,56,243,0.45947545766830444,0.48903071880340576
542,0.6819499099208716,19,201,1.1675286293029785,1.072912573814392
543,0.6819499099208716,94,489,0.43818941712379456,0.4369724988937378
544,0.6819499099208716,59,496,0.46023324131965637,0.499103307723999
545,0.6819499099208716,91,301,0.46429306268692017,0.38176459074020386
546,0.6819499099208716,28,296,0.5787807106971741,0.43599262833595276
547,0.6819499099208716,16,58,1.5399727821350098,0.8184700012207031
548,0.6819499099208716,50,313,0.4582050144672394,0.44107306003570557
549,0.6819499099208716,35,352,0.45510685443878174,0.6455336809158325
550,0.6819499099208716,18,110,1.15243399143219,1.1540281772613525
551,0.6819499099208716,35,130,0.4640648066997528,0.5347395539283752
552,0.6819499099208716,19,458,0.48952141404151917,0.5274074077606201
553,0.6819499099208716,63,348,0.44302380084991455,0.6093259453773499
554,0.6819499099208716,38,450,0.4623235762119293,0.3634680211544037
555,0.6819499099208716,76,133,0.4849100410938263,0.27278488874435425
556,0.6819499099208716,21,49,2.105868339538574,2.407701015472412
557,0.6819499099208716,49,428,0.4658029079437256,0.33259135484695435
558,0.6819499099208716,80,101,0.5036883354187012,0.4665241241455078
559,0.6819499099208716,19,206,0.9903510212898254,0.8822990655899048
560,0.6819499099208716,62,312,0.48507124185562134,0.28854140639305115
561,0.6819499099208716,74,470,0.4540002644062042,0.514326810836792
562,0.6819499099208716,64,277,0.45714274048805237,0.4810718894004822
563,0.6819499099208716,74,376,0.47569510340690613,0.49817830324172974
564,0.6819499099208716,53,401,0.47212833166122437,0.3764788508415222
565,0.6819499099208716,94,113,0.5073520541191101,0.5087840557098389
566,0.6819499099208716,11,356,0.575563907623291,0.9412707686424255
567,0.6819499099208716,68,182,0.4343819320201874,0.3849504590034485
568,0.6819499099208716,93,361,0.45651182532310486,0.5821167230606079
569,0.6819499099208716,60,412,0.47257691621780396,0.3256460428237915
570,0.6819499099208716,68,399,0.4737304449081421,0.37388595938682556
571,0.6819499099208716,79,67,0.6522330045700073,0.5039733052253723
572,0.6819499099208716,73,157,0.45092836022377014,0.3865305185317993
573,0.6819499099208716,13,159,0.9655702114105225,0.7846460938453674
574,0.6819499099208716,47,184,0.5468071103096008,0.5407595038414001
575,0.6819499099208716,49,13,0.3630733788013458,0.705577552318573
576,0.6819499099208716,10,171,1.0775768756866455,0.942940890789032
577,0.6819499099208716,80,413,0.4667696952819824,0.4161927103996277
578,0.6819499099208716,64,495,0.4336110055446625,0.42354804277420044
579,0.6819499099208716,85,490,0.45839443802833557,0.5257797837257385
580,0.6819499099208716,47,306,0.47020936012268066,0.37662753462791443
581,0.6819499099208716,48,56,0.6139548420906067,0.6614627242088318
582,0.6819499099208716,69,336,0.44706159830093384,0.43128693103790283
583,0.6819499099208716,99,89,0.5139032006263733,0.4042978584766388
584,0.6819499099208716,39,151,0.44155949354171753,0.42150092124938965
585,0.6819499099208716,22,448,0.4662061333656311,0.3501332104206085
586,0.6819499099208716,59,398,0.46902528405189514,0.36714717745780945
587,0.6819499099208716,76,470,0.453905314207077,0.5145059823989868
588,0.6819499099208716,58,209,0.4478948414325714,0.424732506275177
589,0.6819499099208716,97,122,0.42425549030303955,0.5680400729179382
590,0.6819499099208716,44,215,0.5371485948562622,0.49873247742652893
591,0.6819499099208716,13,133,0.6743537783622742,0.4244763255119324
592,0.6819499099208716,37,277,0.48455101251602173,0.48067885637283325
593,0.6819499099208716,80,177,0.42368173599243164,0.5358260869979858
594,0.6819499099208716,90,28,0.4429949223995209,0.5660465955734253
595,0.6819499099208716,94,482,0.44939562678337097,0.5998983979225159
596,0.6819499099208716,87,479,0.4401992857456207,0.3722160756587982
597,0.6819499099208716,47,283,0.4691413342952728,0.47211962938308716
598,0.6819499099208716,57,463,0.4477340877056122,0.39073410630226135
599,0.6819499099208716,51,99,0.7573655843734741,0.8368478417396545
600,0.09476699303641345,85,39,0.30284470319747925,0.3791581094264984
601,0.09476699303641345,26,198,0.1794251650571823,0.1651797890663147
602,0.09476699303641345,30,20,1.2725788354873657,0.9396822452545166
603,0.09476699303641345,77,412,0.009130382910370827,0.00630238838493824
604,0.09476699303641345,48,339,0.012200085446238518,0.013758459128439426
605,0.09476699303641345,25,125,1.0058244466781616,1.0008281469345093
606,0.09476699303641345,61,267,0.012099296785891056,0.011483652517199516
607,0.09476699303641345,52,54,0.7304832935333252,0.8319762349128723
608,0.09476699303641345,90,79,0.05932028219103813,0.05415475368499756
609,0.09476699303641345,61,23,1.5558372735977173,1.5143014192581177
610,0.09476699303641345,55,252,0.01516095269471407,0.01866236701607704
611,0.09476699303641345,82,184,0.011392125859856606,0.011366772465407848
612,0.09476699303641345,84,219,0.009116518311202526,0.009351495653390884
613,0.09476699303641345,21,341,0.05527523159980774,0.04992440342903137
614,0.09476699303641345,96,226,0.008356374688446522,0.009815746918320656
615,0.09476699303641345,64,50,0.5860544443130493,0.7575321793556213
616,0.09476699303641345,76,447,0.008817951194941998,0.007679774891585112
617,0.09476699303641345,36,86,0.03271545469760895,0.024520106613636017
618,0.09476699303641345,19,83,0.33540114760398865,0.3227721154689789
619,0.09476699303641345,38,203,0.03198770061135292,0.0283526424318552
620,0.09476699303641345,50,130,0.021877825260162354,0.02273467928171158
621,0.09476699303641345,43,84,0.3788934350013733,0.30794456601142883
622,0.09476699303641345,99,244,0.008322740904986858,0.011713112704455853
623,0.09476699303641345,65,89,0.11556042730808258,0.09176866710186005
624,0.09476699303641345,18,260,0.2764681577682495,0.33889704942703247
625,0.09476699303641345,91,140,0.013195423409342766,0.011510394513607025
626,0.09476699303641345,22,492,0.04696072265505791,0.04333269223570824
627,0.09476699303641345,95,429,0.009034151211380959,0.006884288974106312
628,0.09476699303641345,36,423,0.012924665585160255,0.0105630187317729
629,0.09476699303641345,68,327,0.008622494526207447,0.008856401778757572
630,0.09476699303641345,75,63,0.24464155733585358,0.3125545382499695
631,0.09476699303641345,34,182,0.19687114655971527,0.1773202121257782
632,0.09476699303641345,94,456,0.008832564577460289,0.007606761995702982
633,0.09476699303641345,74,337,0.008749728091061115,0.009929533116519451
634,0.09476699303641345,60,174,0.04890946298837662,0.03787770867347717
635,0.09476699303641345,74,35,0.015012056566774845,0.02224617451429367
636,0.09476699303641345,41,359,0.008907721377909184,0.011717014014720917
637,0.09476699303641345,67,90,0.17469283938407898,0.13020089268684387
638,0.09476699303641345,43,322,0.010721215978264809,0.007876231335103512
639,0.09476699303641345,17,22,0.7475095391273499,0.5532169938087463
640,0.09476699303641345,95,352,0.00863423477858305,0.011984257958829403
641,0.09476699303641345,56,243,0.013079226948320866,0.013261868618428707
642,0.09476699303641345,19,201,0.08321145176887512,0.07329234480857849
643,0.09476699303641345,94,489,0.008466318249702454,0.008434630930423737
644,0.09476699303641345,59,496,0.008885563351213932,0.009612561203539371
645,0.09476699303641345,91,301,0.008983402512967587,0.007400286849588156
646,0.09476699303641345,28,296,0.04296993091702461,0.038678839802742004
647,0.09476699303641345,16,58,3.189316511154175,2.8446216583251953
648,0.09476699303641345,50,313,0.013501239009201527,0.013177228160202503
649,0.09476699303641345,35,352,0.013076656498014927,0.017994925379753113
650,0.09476699303641345,18,110,1.2594486474990845,1.2073564529418945
651,0.09476699303641345,35,130,0.07151860743761063,0.07466865330934525
652,0.09476699303641345,19,458,0.010547173209488392,0.011495064944028854
653,0.09476699303641345,63,348,0.008918275125324726,0.012364646419882774
654,0.09476699303641345,38,450,0.010570240207016468,0.007604745216667652
655,0.09476699303641345,76,133,0.010544783435761929,0.005244843196123838
656,0.09476699303641345,21,49,0.34578371047973633,0.22080568969249725
657,0.09476699303641345,49,428,0.009074599482119083,0.006601960863918066
658,0.09476699303641345,80,101,0.05087500810623169,0.038725025951862335
659,0.09476699303641345,19,206,0.6739377975463867,0.6192228198051453
660,0.09476699303641345,62,312,0.009552709758281708,0.006057657767087221
661,0.09476699303641345,74,470,0.008766996674239635,0.009947060607373714
662,0.09476699303641345,64,277,0.010434979572892189,0.00998307392001152
663,0.09476699303641345,74,376,0.009202171117067337,0.00956648401916027
664,0.09476699303641345,53,401,0.009411176666617393,0.007221119478344917
665,0.09476699303641345,94,113,0.013087648898363113,0.013993085362017155
666,0.09476699303641345,11,356,0.23640568554401398,0.27969086170196533
667,0.09476699303641345,68,182,0.01503770798444748,0.013272279873490334
668,0.09476699303641345,93,361,0.008811356499791145,0.01122798677533865
669,0.09476699303641345,60,412,0.009137297980487347,0.006316347047686577
670,0.09476699303641345,68,399,0.009152371436357498,0.007161810528486967
671,0.09476699303641345,79,67,0.031946830451488495,0.024333510547876358
672,0.09476699303641345,73,157,0.03177620470523834,0.032291483134031296
673,0.09476699303641345,13,159,0.2854498326778412,0.22238105535507202
674,0.09476699303641345,47,184,0.08810267597436905,0.08799844980239868
675,0.09476699303641345,49,13,0.5321311354637146,0.850584089756012
676,0.09476699303641345,10,171,0.6335737705230713,0.5129983425140381
677,0.09476699303641345,80,413,0.009011533111333847,0.008040662854909897
678,0.09476699303641345,64,495,0.008372087962925434,0.00818862859159708
679,0.09476699303641345,85,490,0.008850562386214733,0.01003078930079937
680,0.09476699303641345,47,306,0.009104365482926369,0.007365805096924305
681,0.09476699303641345,48,56,0.888940155506134,0.936052680015564
682,0.09476699303641345,69,336,0.008658324368298054,0.008304265327751637
683,0.09476699303641345,99,89,0.016666363924741745,0.011722402647137642
684,0.09476699303641345,39,151,0.3396623134613037,0.3781871497631073
685,0.09476699303641345,22,448,0.018331585451960564,0.0139742037281394
686,0.09476699303641345,59,398,0.009198499843478203,0.007053781300783157
687,0.09476699303641345,76,470,0.008764452300965786,0.009931819513440132
688,0.09476699303641345,58,209,0.012526454403996468,0.008046654053032398
689,0.09476699303641345,97,122,0.00929334294050932,0.012878361158072948
690,0.09476699303641345,44,215,0.08147448301315308,0.06574687361717224
691,0.09476699303641345,13,133,1.7366188764572144,1.8610552549362183
692,0.09476699303641345,37,277,0.019738249480724335,0.01809738576412201
693,0.09476699303641345,80,177,0.009860212914645672,0.012073874473571777
694,0.09476699303641345,90,28,0.05467267706990242,0.04410617798566818
695,0.09476699303641345,94,482,0.008680188097059727,0.011643669568002224
696,0.09476699303641345,87,479,0.008497222326695919,0.007188108749687672
697,0.09476699303641345,47,283,0.022055918350815773,0.02491425909101963
698,0.09476699303641345,57,463,0.008656201884150505,0.007614860311150551
699,0.09476699303641345,51,99,0.05255506560206413,0.050124865025281906
700,0.5938080586941302,85,39,0.2914537489414215,0.42798760533332825
701,0.5938080586941302,26,198,0.3565029501914978,0.37668663263320923
702,0.5938080586941302,30,20,1.823195457458496,1.9943324327468872
703,0.5938080586941302,77,412,0.35837340354919434,0.2467934638261795
704,0.5938080586941302,48,339,0.3484748899936676,0.396360844373703
705,0.5938080586941302,25,125,0.560073971748352,0.4600723385810852
706,0.5938080586941302,61,267,0.3480764925479889,0.35942748188972473
707,0.5938080586941302,52,54,0.3913823664188385,0.4003591239452362
708,0.5938080586941302,90,79,0.42385628819465637,0.33478450775146484
709,0.5938080586941302,61,23,1.9342230558395386,1.7184094190597534
710,0.5938080586941302,55,252,0.34222811460494995,0.451884388923645
711,0.5938080586941302,82,184,0.3336087465286255,0.3106166124343872
712,0.5938080586941302,84,219,0.3510589897632599,0.36523598432540894
713,0.5938080586941302,21,341,0.36004331707954407,0.41155633330345154
714,0.5938080586941302,96,226,0.32779109477996826,0.3858081102371216
715,0.5938080586941302,64,50,0.5236622095108032,0.5779135227203369
716,0.5938080586941302,76,447,0.34606751799583435,0.3023459017276764
717,0.5938080586941302,36,86,1.401099681854248,0.7789981961250305
718,0.5938080586941302,19,83,2.101343870162964,1.7965623140335083
719,0.5938080586941302,38,203,0.4068818986415863,0.3952738046646118
720,0.5938080586941302,50,130,0.4959978461265564,0.5205991268157959
721,0.5938080586941302,43,84,0.7006773352622986,0.4407259225845337
722,0.5938080586941302,99,244,0.3267236649990082,0.4601781964302063
723,0.5938080586941302,65,89,0.4688021242618561,0.34078800678253174
724,0.5938080586941302,18,260,0.3479618728160858,0.4115636348724365
725,0.5938080586941302,91,140,0.34548094868659973,0.32320448756217957
726,0.5938080586941302,22,492,0.34952765703201294,0.4251200556755066
727,0.5938080586941302,95,429,0.3545564115047455,0.26975178718566895
728,0.5938080586941302,36,423,0.3542567789554596,0.2707570195198059
729,0.5938080586941302,68,327,0.3310283124446869,0.37068766355514526
730,0.5938080586941302,75,63,0.42620742321014404,0.7552599906921387
731,0.5938080586941302,34,182,0.3529394865036011,0.31101182103157043
732,0.5938080586941302,94,456,0.346881628036499,0.299541711807251
733,0.5938080586941302,74,337,0.34359127283096313,0.3896760642528534
734,0.5938080586941302,60,174,0.32577046751976013,0.2885866165161133
735,0.5938080586941302,74,35,0.3138681650161743,0.5730841755867004
736,0.5938080586941302,41,359,0.3497428297996521,0.4613085091114044
737,0.5938080586941302,67,90,0.4414292275905609,0.31612223386764526
738,0.5938080586941302,43,322,0.3529275953769684,0.27254337072372437
739,0.5938080586941302,17,22,0.9286636114120483,1.4747167825698853
740,0.5938080586941302,95,352,0.3389836549758911,0.46923932433128357
741,0.5938080586941302,56,243,0.3473435044288635,0.3706733286380768
742,0.5938080586941302,19,201,0.5236921310424805,0.5029707551002502
743,0.5938080586941302,94,489,0.33224666118621826,0.33115145564079285
744,0.5938080586941302,59,496,0.34915295243263245,0.378633588552475
745,0.5938080586941302,91,301,0.35228750109672546,0.2894518971443176
746,0.5938080586941302,28,296,0.4840836822986603,0.3762625455856323
747,0.5938080586941302,16,58,1.0088858604431152,0.4964714050292969
748,0.5938080586941302,50,313,0.34615233540534973,0.33194705843925476
749,0.5938080586941302,35,352,0.3460621237754822,0.49160584807395935
750,0.5938080586941302,18,110,1.8809078931808472,1.7724180221557617
751,0.5938080586941302,35,130,0.3268502354621887,0.37945756316185
752,0.5938080586941302,19,458,0.38341379165649414,0.41722676157951355
753,0.5938080586941302,63,348,0.3358209431171417,0.46127596497535706
754,0.5938080586941302,38,450,0.3510650396347046,0.2674998641014099
755,0.5938080586941302,76,133,0.3699796199798584,0.1989758461713791
756,0.5938080586941302,21,49,1.413191318511963,1.535526990890503
757,0.5938080586941302,49,428,0.3533160984516144,0.251470685005188
758,0.5938080586941302,80,101,0.3950011730194092,0.35206544399261475
759,0.5938080586941302,19,206,0.6380069255828857,0.5703305006027222
760,0.5938080586941302,62,312,0.36837902665138245,0.2210550755262375
761,0.5938080586941302,74,470,0.3440561890602112,0.38982415199279785
762,0.5938080586941302,64,277,0.3480432331562042,0.3613453805446625
763,0.5938080586941302,74,376,0.3609229028224945,0.37680044770240784
764,0.5938080586941302,53,401,0.3579789400100708,0.28497636318206787
765,0.5938080586941302,94,113,0.3693771958351135,0.35488274693489075
766,0.5938080586941302,11,356,0.5322399139404297,0.8581161499023438
767,0.5938080586941302,68,182,0.3319367468357086,0.29407837986946106
768,0.5938080586941302,93,361,0.3461282551288605,0.44140321016311646
769,0.5938080586941302,60,412,0.3584120571613312,0.2473488450050354
770,0.5938080586941302,68,399,0.3589501678943634,0.2833644151687622
771,0.5938080586941302,79,67,0.3943420350551605,0.3600476384162903
772,0.5938080586941302,73,157,0.3568195402622223,0.31057822704315186
773,0.5938080586941302,13,159,1.4148963689804077,1.2170847654342651
774,0.5938080586941302,47,184,0.4033360779285431,0.39674699306488037
775,0.5938080586941302,49,13,0.6942799687385559,1.3721976280212402
776,0.5938080586941302,10,171,0.46336519718170166,0.38741734623908997
777,0.5938080586941302,80,413,0.3539341390132904,0.31590285897254944
778,0.5938080586941302,64,495,0.3287065923213959,0.3217332065105438
779,0.5938080586941302,85,490,0.34739938378334045,0.392348051071167
780,0.5938080586941302,47,306,0.36269980669021606,0.2983689606189728
781,0.5938080586941302,48,56,0.6358928680419922,0.6651581525802612
782,0.5938080586941302,69,336,0.33898094296455383,0.32685208320617676
783,0.5938080586941302,99,89,0.46297454833984375,0.3366243839263916
784,0.5938080586941302,39,151,0.5188397169113159,0.6200012564659119
785,0.5938080586941302,22,448,0.40610000491142273,0.2920004725456238
786,0.5938080586941302,59,398,0.35570695996284485,0.27828705310821533
787,0.5938080586941302,76,470,0.34419989585876465,0.3900209367275238
788,0.5938080586941302,58,209,0.34375572204589844,0.31257152557373047
789,0.5938080586941302,97,122,0.3086166977882385,0.3939880430698395
790,0.5938080586941302,44,215,0.3599074184894562,0.36939236521720886
791,0.5938080586941302,13,133,0.588458776473999,0.4056990146636963
792,0.5938080586941302,37,277,0.35354551672935486,0.35995444655418396
793,0.5938080586941302,80,177,0.3198668360710144,0.4044090509414673
794,0.5938080586941302,90,28,1.2514907121658325,1.2840454578399658
795,0.5938080586941302,94,482,0.34098830819129944,0.45164382457733154
796,0.5938080586941302,87,479,0.33378344774246216,0.2821938097476959
797,0.5938080586941302,47,283,0.3680368661880493,0.3774332106113434
798,0.5938080586941302,57,463,0.33939850330352783,0.2957252562046051
799,0.5938080586941302,51,99,0.47864726185798645,0.5464641451835632
800,0.695688880078515,85,39,0.5720320343971252,0.795329213142395
801,0.695688880078515,26,198,0.5145251750946045,0.5384849905967712
802,0.695688880078515,30,20,1.370452642440796,1.7848007678985596
803,0.695688880078515,77,412,0.4918860197067261,0.33878958225250244
804,0.695688880078515,48,339,0.4777284264564514,0.5424935817718506
805,0.695688880078515,25,125,0.7079102396965027,0.5807631611824036
806,0.695688880078515,61,267,0.4782940149307251,0.4912164807319641
807,0.695688880078515,52,54,0.552791178226471,0.5799940824508667
808,0.695688880078515,90,79,0.7048933506011963,0.5966019034385681
809,0.695688880078515,61,23,1.594545602798462,1.3679598569869995
810,0.695688880078515,55,252,0.46715855598449707,0.6192321181297302
811,0.695688880078515,82,184,0.4515843987464905,0.41600626707077026
812,0.695688880078515,84,219,0.48121610283851624,0.5019237399101257
813,0.695688880078515,21,341,0.6816985011100769,0.7185044884681702
814,0.695688880078515,96,226,0.4496089220046997,0.5270314812660217
815,0.695688880078515,64,50,0.9625502824783325,1.189660906791687
816,0.695688880078515,76,447,0.4750065207481384,0.4150620996952057
817,0.695688880078515,36,86,0.877594530582428,0.459110826253891
818,0.695688880078515,19,83,0.9213343262672424,0.6990800499916077
819,0.695688880078515,38,203,0.4708636701107025,0.4818243384361267
820,0.695688880078515,50,130,0.44624629616737366,0.5264317393302917
821,0.695688880078515,43,84,0.7966614961624146,0.5004662275314331
822,0.695688880078515,99,244,0.44814059138298035,0.6308614015579224
823,0.695688880078515,65,89,0.6613351106643677,0.47826942801475525
824,0.695688880078515,18,260,0.4901582896709442,0.5718193054199219
825,0.695688880078515,91,140,0.45340436697006226,0.455117791891098
826,0.695688880078515,22,492,0.5114580392837524,0.6293705105781555
827,0.695688880078515,95,429,0.4869694113731384,0.3707497715950012
828,0.695688880078515,36,423,0.48864591121673584,0.37375545501708984
829,0.695688880078515,68,327,0.45431727170944214,0.5106887817382812
830,0.695688880078515,75,63,0.8266565203666687,1.4756817817687988
831,0.695688880078515,34,182,0.48067978024482727,0.42402350902557373
832,0.695688880078515,94,456,0.4760528802871704,0.41393664479255676
833,0.695688880078515,74,337,0.4715631902217865,0.5341227054595947
834,0.695688880078515,60,174,0.44174596667289734,0.39881306886672974
835,0.695688880078515,74,35,0.3879789710044861,0.6453574299812317
836,0.695688880078515,41,359,0.47741562128067017,0.6258000731468201
837,0.695688880078515,67,90,0.47054654359817505,0.365082323551178
838,0.695688880078515,43,322,0.48403361439704895,0.3711997866630554
839,0.695688880078515,17,22,3.4167840480804443,3.7371270656585693
840,0.695688880078515,95,352,0.46515023708343506,0.6435194611549377
841,0.695688880078515,56,243,0.4782281517982483,0.5089638233184814
842,0.695688880078515,19,201,0.8976407647132874,0.8448017835617065
843,0.695688880078515,94,489,0.4560411274433136,0.454304575920105
844,0.695688880078515,59,496,0.47888392210006714,0.5192313194274902
845,0.695688880078515,91,301,0.4832460582256317,0.3973046541213989
846,0.695688880078515,28,296,0.5163289308547974,0.4025368392467499
847,0.695688880078515,16,58,3.4099605083465576,2.341195583343506
848,0.695688880078515,50,313,0.47412851452827454,0.4536154270172119
849,0.695688880078515,35,352,0.4662492573261261,0.6510260105133057
850,0.695688880078515,18,110,1.5310031175613403,1.489882469177246
851,0.695688880078515,35,130,0.4483000934123993,0.5337826013565063
852,0.695688880078515,19,458,0.49775275588035583,0.5302101373672485
853,0.695688880078515,63,348,0.46134382486343384,0.6350466012954712
854,0.695688880078515,38,450,0.4805302023887634,0.3670106828212738
855,0.695688880078515,76,133,0.5298520922660828,0.2717677056789398
856,0.695688880078515,21,49,1.0561318397521973,1.150834083557129
857,0.695688880078515,49,428,0.48486751317977905,0.3472829759120941
858,0.695688880078515,80,101,0.573361873626709,0.4923160970211029
859,0.695688880078515,19,206,0.6231461763381958,0.5649313926696777
860,0.695688880078515,62,312,0.504845380783081,0.29880091547966003
861,0.695688880078515,74,470,0.4725189507007599,0.5351603627204895
862,0.695688880078515,64,277,0.4756533205509186,0.501893937587738
863,0.695688880078515,74,376,0.49569106101989746,0.5176675319671631
864,0.695688880078515,53,401,0.4913390576839447,0.39086440205574036
865,0.695688880078515,94,113,0.5220499634742737,0.5188478827476501
866,0.695688880078515,11,356,0.8344717025756836,1.328049659729004
867,0.695688880078515,68,182,0.45506399869918823,0.4031068682670593
868,0.695688880078515,93,361,0.4749408960342407,0.6058489084243774
869,0.695688880078515,60,412,0.49196118116378784,0.338995099067688
870,0.695688880078515,68,399,0.4927090108394623,0.38844338059425354
871,0.695688880078515,79,67,0.685435950756073,0.5224747657775879
872,0.695688880078515,73,157,0.4961509108543396,0.43344801664352417
873,0.695688880078515,13,159,1.344977617263794,1.1337859630584717
874,0.695688880078515,47,184,0.5246784687042236,0.5111089944839478
875,0.695688880078515,49,13,0.45842888951301575,0.8484290838241577
876,0.695688880078515,10,171,1.4173718690872192,1.2671242952346802
877,0.695688880078515,80,413,0.48587140440940857,0.4333653748035431
878,0.695688880078515,64,495,0.4513227343559265,0.44070082902908325
879,0.695688880078515,85,490,0.47674480080604553,0.5452008247375488
880,0.695688880078515,47,306,0.48896464705467224,0.39130017161369324
881,0.695688880078515,48,56,0.5460432171821594,0.5891335010528564
882,0.695688880078515,69,336,0.4652225375175476,0.44907817244529724
883,0.695688880078515,99,89,0.5467550158500671,0.4230356514453888
884,0.695688880078515,39,151,0.5171603560447693,0.5646021366119385
885,0.695688880078515,22,448,0.5510328412055969,0.396596759557724
886,0.695688880078515,59,398,0.4881851077079773,0.3818870782852173
887,0.695688880078515,76,470,0.47228971123695374,0.5354796648025513
888,0.695688880078515,58,209,0.4690786898136139,0.4332791268825531
889,0.695688880078515,97,122,0.4380388557910919,0.5830832123756409
890,0.695688880078515,44,215,0.498514324426651,0.5063610076904297
891,0.695688880078515,13,133,1.0789397954940796,0.7732135057449341
892,0.695688880078515,37,277,0.5028141736984253,0.5012782216072083
893,0.695688880078515,80,177,0.4393169581890106,0.5560005307197571
894,0.695688880078515,90,28,0.8196032643318176,0.8738645315170288
895,0.695688880078515,94,482,0.4678999185562134,0.6232611536979675
896,0.695688880078515,87,479,0.4579795002937317,0.3874041438102722
897,0.695688880078515,47,283,0.49023231863975525,0.4943728744983673
898,0.695688880078515,57,463,0.4659648835659027,0.40644562244415283
899,0.695688880078515,51,99,0.5546821355819702,0.6618284583091736
900,0.6473076114729133,85,39,0.42209556698799133,0.5921885967254639
901,0.6473076114729133,26,198,0.8095543384552002,0.7949316501617432
902,0.6473076114729133,30,20,1.142798662185669,1.5220049619674683
903,0.6473076114729133,77,412,0.42583903670310974,0.2932277023792267
904,0.6473076114729133,48,339,0.41552451252937317,0.47445619106292725
905,0.6473076114729133,25,125,0.9587142467498779,0.7726819515228271
906,0.6473076114729133,61,267,0.41394978761672974,0.42629605531692505
907,0.6473076114729133,52,54,0.48065686225891113,0.493764191865921
908,0.6473076114729133,90,79,0.6137573719024658,0.5190582871437073
909,0.6473076114729133,61,23,1.3184244632720947,1.1133067607879639
910,0.6473076114729133,55,252,0.40534651279449463,0.5363499522209167
911,0.6473076114729133,82,184,0.38998156785964966,0.35798728466033936
912,0.6473076114729133,84,219,0.41656413674354553,0.4345128536224365
913,0.6473076114729133,21,341,0.6230044364929199,0.6487368941307068
914,0.6473076114729133,96,226,0.38919416069984436,0.45751503109931946
915,0.6473076114729133,64,50,0.6386284232139587,0.7285614609718323
916,0.6473076114729133,76,447,0.411338210105896,0.35890495777130127
917,0.6473076114729133,36,86,1.4782111644744873,0.806385338306427
918,0.6473076114729133,19,83,2.1024062633514404,1.7813100814819336
919,0.6473076114729133,38,203,0.3903871774673462,0.41462424397468567
920,0.6473076114729133,50,130,0.3772175908088684,0.4494437873363495
921,0.6473076114729133,43,84,0.4471118450164795,0.32456374168395996
922,0.6473076114729133,99,244,0.3878277540206909,0.5461174249649048
923,0.6473076114729133,65,89,0.7139508724212646,0.5034732222557068
924,0.6473076114729133,18,260,0.664266049861908,0.7503675818443298
925,0.6473076114729133,91,140,0.4066482186317444,0.38305985927581787
926,0.6473076114729133,22,492,0.4198499917984009,0.5146474242210388
927,0.6473076114729133,95,429,0.42124655842781067,0.3207404315471649
928,0.6473076114729133,36,423,0.42097726464271545,0.32171952724456787
929,0.6473076114729133,68,327,0.3933159112930298,0.44059449434280396
930,0.6473076114729133,75,63,0.7319531440734863,1.3026831150054932
931,0.6473076114729133,34,182,0.6691963076591492,0.589623212814331
932,0.6473076114729133,94,456,0.4121541380882263,0.35407009720802307
933,0.6473076114729133,74,337,0.408162921667099,0.4628693461418152
934,0.6473076114729133,60,174,0.4238255023956299,0.3485393524169922
935,0.6473076114729133,74,35,0.39281323552131653,0.7208579182624817
936,0.6473076114729133,41,359,0.41178005933761597,0.5420907735824585
937,0.6473076114729133,67,90,0.4108738303184509,0.3167252540588379
938,0.6473076114729133,43,322,0.4164535701274872,0.32518768310546875
939,0.6473076114729133,17,22,0.6735854744911194,1.4476341009140015
940,0.6473076114729133,95,352,0.40304410457611084,0.5572761297225952
941,0.6473076114729133,56,243,0.40999892354011536,0.4410723149776459
942,0.6473076114729133,19,201,0.9362648129463196,0.8708171248435974
943,0.6473076114729133,94,489,0.3947756290435791,0.39329415559768677
944,0.6473076114729133,59,496,0.414684921503067,0.44868606328964233
945,0.6473076114729133,91,301,0.41833776235580444,0.34360194206237793
946,0.6473076114729133,28,296,0.44186943769454956,0.34188926219940186
947,0.6473076114729133,16,58,2.3486993312835693,1.4592748880386353
948,0.6473076114729133,50,313,0.4093308746814728,0.38923150300979614
949,0.6473076114729133,35,352,0.42830154299736023,0.6138884425163269
950,0.6473076114729133,18,110,0.5091395378112793,0.5665620565414429
951,0.6473076114729133,35,130,0.3783458173274994,0.4497881233692169
952,0.6473076114729133,19,458,0.4732769727706909,0.5172057747840881
953,0.6473076114729133,63,348,0.3992801606655121,0.5499011874198914
954,0.6473076114729133,38,450,0.4158306121826172,0.31843268871307373
955,0.6473076114729133,76,133,0.4378988742828369,0.24095986783504486
956,0.6473076114729133,21,49,1.5940698385238647,1.7920647859573364
957,0.6473076114729133,49,428,0.41995617747306824,0.2998066842556
958,0.6473076114729133,80,101,0.5141879320144653,0.435028612613678
959,0.6473076114729133,19,206,0.92088383436203,0.8229798078536987
960,0.6473076114729133,62,312,0.437161922454834,0.2577258050441742
961,0.6473076114729133,74,470,0.408933162689209,0.4634080231189728
962,0.6473076114729133,64,277,0.41196316480636597,0.4331190884113312
963,0.6473076114729133,74,376,0.428835391998291,0.44795361161231995
964,0.6473076114729133,53,401,0.4257330298423767,0.33839038014411926
965,0.6473076114729133,94,113,0.4605717658996582,0.46370887756347656
966,0.6473076114729133,11,356,0.44990766048431396,0.7352725863456726
967,0.6473076114729133,68,182,0.38962966203689575,0.3458119332790375
968,0.6473076114729133,93,361,0.4111519157886505,0.5237807631492615
969,0.6473076114729133,60,412,0.4259052574634552,0.2933066189289093
970,0.6473076114729133,68,399,0.426452100276947,0.33758801221847534
971,0.6473076114729133,79,67,0.6672675609588623,0.4816035032272339
972,0.6473076114729133,73,157,0.4099006950855255,0.3520480990409851
973,0.6473076114729133,13,159,2.169490098953247,1.9360864162445068
974,0.6473076114729133,47,184,0.493765652179718,0.48840081691741943
975,0.6473076114729133,49,13,0.3590601682662964,0.6614289283752441
976,0.6473076114729133,10,171,1.8221501111984253,1.6314709186553955
977,0.6473076114729133,80,413,0.42046472430229187,0.3750525414943695
978,0.6473076114729133,64,495,0.3906676769256592,0.3814750909805298
979,0.6473076114729133,85,490,0.4128716289997101,0.4700476825237274
980,0.6473076114729133,47,306,0.4306856095790863,0.3560141623020172
981,0.6473076114729133,48,56,0.4627561569213867,0.4948942959308624
982,0.6473076114729133,69,336,0.40277212858200073,0.38853371143341064
983,0.6473076114729133,99,89,0.47336047887802124,0.3661203682422638
984,0.6473076114729133,39,151,0.47896915674209595,0.5405082702636719
985,0.6473076114729133,22,448,0.4416266977787018,0.3212302327156067
986,0.6473076114729133,59,398,0.4227145314216614,0.3316211402416229
987,0.6473076114729133,76,470,0.408978134393692,0.4635465145111084
988,0.6473076114729133,58,209,0.42114052176475525,0.35797709226608276
989,0.6473076114729133,97,122,0.39334022998809814,0.5333019495010376
990,0.6473076114729133,44,215,0.41480621695518494,0.44377344846725464
991,0.6473076114729133,13,133,0.7088881731033325,0.4631604850292206
992,0.6473076114729133,37,277,0.45622676610946655,0.4458501935005188
993,0.6473076114729133,80,177,0.3831775188446045,0.484910249710083
994,0.6473076114729133,90,28,0.3769470155239105,0.5445879101753235
995,0.6473076114729133,94,482,0.4049732983112335,0.5438388586044312
996,0.6473076114729133,87,479,0.3966187536716461,0.33532416820526123
997,0.6473076114729133,47,283,0.42699116468429565,0.4321839213371277
998,0.6473076114729133,57,463,0.4034930169582367,0.3527921736240387
999,0.6473076114729133,51,99,0.7129151821136475,0.7746868133544922
